,n_ens,m_times,mean_crps_dist,mean_crps_ens,rel,res,unc
0,50.0,100.0,0.5174155483626357,0.522454957118191,0.012448269713973826,4.760814579951589e-05,0.5100542955500166
1,50.0,1000.0,0.556138385093137,0.5664854884675109,0.01671139201266409,0.0061548313276001965,0.555928927782447
2,50.0,10000.0,0.5654991736753902,0.5767115357934326,0.014630583802288167,0.003312919460155217,0.5653938714512995
3,50.0,100000.0,0.5655844862950694,0.5772551495039652,0.015849973998985956,0.00417388844875366,0.5655790639537328
4,50.0,1000000.0,0.5639495651688743,0.57529124299691,0.015584974883891274,0.00424246965533015,0.5639487377683488
